{
    "N": 8192,
    "avg_time_ref": 1.5268273115158082,
    "tflops_ref": 720.1283468556923,
    "avg_time": 4.09581446647644,
    "tflops": 268.447615675788,
    "max_error": 0.015614509582519531,
    "mean_error": 0.001016465830616653,
    "error_count": 0
}