{
    "N": 8192,
    "avg_time_ref": 1.561888301372528,
    "tflops_ref": 703.9630342386142,
    "avg_time": 25.153815460205077,
    "tflops": 43.71152477903389,
    "max_error": 0.015614509582519531,
    "mean_error": 0.001016465830616653,
    "error_count": 0
}