{
    "N": 8192,
    "avg_time_ref": 1.5513606905937194,
    "tflops_ref": 708.7401623894486,
    "avg_time": 5.9185553073883055,
    "tflops": 185.77365094543384,
    "max_error": NaN,
    "mean_error": NaN,
    "error_count": 46955761
}